corpus-id	filename	xmlid	author-name	title	author-birth	author-death	author-gender	author-ids	reference-year	first-edition	digital-edition	print-edition	provenance	title-ids	language	numwords	subgenre	narrative-perspective	size-category	reprint-count	time-slot
ELTeC-fra-ext1	FRA03703_Sand	FRA03703	Sand, George [Amantine Lucile Aurore Dupin]	Le Compagnon du Tour de France	1804	1876	F	viaf:46766944	1840	1840	NA	NA	NA	viaf:194896547	fr	89154	NA	NA	medium	high	T1
ELTeC-fra-ext1	FRA40474	FRA40474	NA		NA	NA	U	viaf:46766944	1840	1840	NA	NA	NA	NA	fra	83095	NA	NA	medium	unspecified	T1
ELTeC-fra-ext1	FRA40567	FRA40567	NA	Pierrette	NA	NA	U	viaf:29529595	1840	1840	2014	1843	NA	NA	fra	51321	NA	NA	medium	unspecified	T1
ELTeC-fra-ext1	FRA40566	FRA40566	NA	Ursule Mirouët	NA	NA	U	viaf:29529595	1841	1841	2014	1843	NA	NA	fra	82457	NA	NA	medium	unspecified	T1
ELTeC-fra-ext1	FRA40571	FRA40571	NA	Une ténébreuse affaire	NA	NA	U	viaf:29529595	1841	1841	2014	1842	NA	NA	fra	72648	NA	NA	medium	unspecified	T1
ELTeC-fra-ext1	FRA40454	FRA40454	NA		NA	NA	U	viaf:46766944	1841	1841	NA	NA	NA	NA	fra	122840	NA	NA	long	unspecified	T1
ELTeC-fra-ext1	FRA40572	FRA40572	NA	Le curé de village	NA	NA	U	viaf:29529595	1841	1841	2014	1842	NA	NA	fra	89397	NA	NA	medium	unspecified	T1
ELTeC-fra-ext1	FRA40001	FRA40001	NA	L'amour impossible	NA	NA	U	viaf:49221211	1841	1841	NA	NA	NA	NA	fra	34604	NA	NA	short	unspecified	T1
ELTeC-fra-ext1	FRA40563	FRA40563	NA	Mémoires de deux jeunes mariées	NA	NA	U	viaf:29529595	1841	1841	2014	1842	NA	NA	fra	80053	NA	NA	medium	unspecified	T1
ELTeC-fra-ext1	FRA40459	FRA40459	NA		NA	NA	U	viaf:46766944	1842	1842	NA	2004	NA	NA	fra	122059	NA	NA	long	unspecified	T1
ELTeC-fra-ext1	FRA40461	FRA40461	NA		NA	NA	U	viaf:46766944	1842	1842	NA	2004	NA	NA	fra	104120	NA	NA	long	unspecified	T1
ELTeC-fra-ext1	FRA40736	FRA40736	NA	Le morne au diable	NA	NA	U	viaf:66473859	1842	1842	2011	1846	NA	NA	fra	110030	NA	NA	long	unspecified	T1
ELTeC-fra-ext1	FRA40565	FRA40565	NA	Un début dans la vie	NA	NA	U	viaf:29529595	1842	1842	2014	1845	NA	NA	fra	57737	NA	NA	medium	unspecified	T1
ELTeC-fra-ext1	FRA40460	FRA40460	NA		NA	NA	U	viaf:46766944	1842	1842	NA	2004	NA	NA	fra	107682	NA	NA	long	unspecified	T1
ELTeC-fra-ext1	FRA40561	FRA40561	NA	La fausse maîtresse	NA	NA	U	viaf:29529595	1842	1842	2014	1842	NA	NA	fra	18687	NA	NA	short	unspecified	T1
ELTeC-fra-ext1	FRA40127	FRA40127	NA	Les mystères de Paris, tome 1	NA	NA	U	viaf:66473859	1842	1842	2006	source	NA	NA	fra	120431	NA	NA	long	unspecified	T1
ELTeC-fra-ext1	FRA40128	FRA40128	NA	Les mystères de Paris, tome 2	NA	NA	U	viaf:66473859	1842	1842	2006	source	NA	NA	fra	122378	NA	NA	long	unspecified	T1
ELTeC-fra-ext1	FRA40562	FRA40562	NA	Albert Savarus	NA	NA	U	viaf:29529595	1842	1842	2014	1842	NA	NA	fra	40691	NA	NA	short	unspecified	T1
ELTeC-fra-ext1	FRA40442	FRA40442	NA		NA	NA	U	viaf:46766944	1843	1843	NA	2004	NA	NA	fra	101612	NA	NA	long	unspecified	T1
ELTeC-fra-ext1	FRA40443	FRA40443	NA		NA	NA	U	viaf:46766944	1843	1843	NA	2004	NA	NA	fra	100908	NA	NA	long	unspecified	T1
ELTeC-fra-ext1	FRA40129	FRA40129	NA	Les mystères de Paris, tome 4	NA	NA	U	viaf:66473859	1843	1843	2006	source	NA	NA	fra	110095	NA	NA	long	unspecified	T1
ELTeC-fra-ext1	FRA40620	FRA40620	NA		NA	NA	U	viaf:17222447	1843	1843	NA	NA	NA	NA	fra	116777	NA	NA	long	unspecified	T1
ELTeC-fra-ext1	FRA40615	FRA40615	NA		NA	NA	U	viaf:17222447	1843	1843	NA	NA	NA	NA	fra	74390	NA	NA	medium	unspecified	T1
ELTeC-fra-ext1	FRA40627	FRA40627	NA		NA	NA	U	viaf:17222447	1843	1843	NA	NA	NA	NA	fra	127952	NA	NA	long	unspecified	T1
ELTeC-fra-ext1	FRA40608	FRA40608	NA		NA	NA	U	viaf:17222447	1843	1843	NA	NA	NA	NA	fra	76316	NA	NA	medium	unspecified	T1
ELTeC-fra-ext1	FRA40628	FRA40628	NA		NA	NA	U	NA	1843	1843	NA	NA	NA	NA	fra	159880	NA	NA	long	unspecified	T1
ELTeC-fra-ext1	FRA40130	FRA40130	NA	Les mystères de Paris, tome 5	NA	NA	U	viaf:66473859	1843	1843	2006	source	NA	NA	fra	101201	NA	NA	long	unspecified	T1
ELTeC-fra-ext1	FRA40740	FRA40740	NA	Le château d'Eppstein	NA	NA	U	viaf:51688902	1843	1843	2014	1860	NA	NA	fra	72319	NA	NA	medium	unspecified	T1
ELTeC-fra-ext1	FRA03801_Stern	FRA03801	Stern, Daniel [Marie d'Agoult]	Hervé	1805	1876	F	viaf:186930001	1843	1843	2008	1866	Project Gutenberg	NA	fr	16339	NA	mixed	short	low	T1
ELTeC-fra-ext1	FRA40727	FRA40727	NA	Ellénore	NA	NA	U	viaf:27059297	1844	1844	2006	1864	NA	NA	fra	93788	NA	NA	medium	unspecified	T1
ELTeC-fra-ext1	FRA40726	FRA40726	NA	Ellenore	NA	NA	U	viaf:27059297	1844	1844	2006	1864	NA	NA	fra	82700	NA	NA	medium	unspecified	T1
ELTeC-fra-ext1	FRA40743	FRA40743	NA	Le Juif errant	NA	NA	U	NA	1844	1844	NA	1983	NA	NA	fra	554519	NA	NA	long	unspecified	T1
ELTeC-fra-ext1	FRA40564	FRA40564	NA	Modeste Mignon	NA	NA	U	viaf:29529595	1844	1844	2014	1845	NA	NA	fra	91554	NA	NA	medium	unspecified	T1
ELTeC-fra-ext1	FRA40452	FRA40452	NA		NA	NA	U	viaf:46766944	1844	1844	NA	1886	NA	NA	fra	104138	NA	NA	long	unspecified	T1
ELTeC-fra-ext1	FRA40440	FRA40440	NA		NA	NA	U	viaf:46766944	1845	1845	NA	NA	NA	NA	fra	51134	NA	NA	medium	unspecified	T1
ELTeC-fra-ext1	FRA40568	FRA40568	NA	Les comédiens sans le savoir	NA	NA	U	viaf:29529595	1845	1845	2014	1842	NA	NA	fra	20872	NA	NA	short	unspecified	T1
ELTeC-fra-ext1	FRA40446	FRA40446	NA		NA	NA	U	viaf:46766944	1845	1845	NA	NA	NA	NA	fra	110453	NA	NA	long	unspecified	T1
ELTeC-fra-ext1	FRA40444	FRA40444	NA		NA	NA	U	viaf:46766944	1845	1845	NA	NA	NA	NA	fra	146154	NA	NA	long	unspecified	T1
ELTeC-fra-ext1	FRA40735	FRA40735	NA	Paula Monti, Tome I	NA	NA	U	viaf:66473859	1845	1845	2005	1845	NA	NA	fra	45450	NA	NA	short	unspecified	T1
ELTeC-fra-ext1	FRA40569	FRA40569	NA	La cousine Bette	NA	NA	U	viaf:29529595	1846	1846	2014	1842	NA	NA	fra	151572	NA	NA	long	unspecified	T1
ELTeC-fra-ext1	FRA40450	FRA40450	NA		NA	NA	U	viaf:46766944	1846	1846	NA	NA	NA	NA	fra	81543	NA	NA	medium	unspecified	T1
ELTeC-fra-ext1	FRA40610	FRA40610	NA		NA	NA	U	NA	1846	1846	NA	NA	NA	NA	fra	182137	NA	NA	long	unspecified	T1
ELTeC-fra-ext1	FRA40622	FRA40622	NA	La Quittance de Minuit, tome 2 : La galerie du géant	NA	NA	U	viaf:17222447	1846	1846	NA	NA	NA	NA	fra	82999	NA	NA	medium	unspecified	T1
ELTeC-fra-ext1	FRA40448	FRA40448	NA		NA	NA	U	viaf:46766944	1846	1846	NA	NA	NA	NA	fra	38748	NA	NA	short	unspecified	T1
ELTeC-fra-ext1	FRA40621	FRA40621	NA	La Quittance de Minuit, tome 1: L'Héritière	NA	NA	U	viaf:17222447	1846	1846	NA	NA	NA	NA	fra	87662	NA	NA	medium	unspecified	T1
ELTeC-fra-ext1	FRA40570	FRA40570	NA	Le cousin Pons	NA	NA	U	viaf:29529595	1847	1847	2014	1842	NA	NA	fra	107886	NA	NA	long	unspecified	T1
ELTeC-fra-ext1	FRA40471	FRA40471	NA		NA	NA	U	viaf:46766944	1848	1848	NA	NA	NA	NA	fra	48463	NA	NA	short	unspecified	T1
ELTeC-fra-ext1	FRA40733	FRA40733	NA	Partie carrée	NA	NA	U	viaf:96428598	1848	1848	2010	1889	NA	NA	fra	61777	NA	NA	medium	unspecified	T1
ELTeC-fra-ext1	FRA40008	FRA40008	NA	Les mariages du père Olifus	NA	NA	U	viaf:51688902	1849	1849	NA	NA	NA	NA	fra	61684	NA	NA	medium	unspecified	T1
ELTeC-fra-ext1	FRA40131	FRA40131	NA	Les mystères du peuple. Histoire d'une famille de prolétaires à travers les âges, tome 2	NA	NA	U	viaf:66473859	1849	1849	2009	source	NA	NA	fra	92617	NA	NA	medium	unspecified	T1
ELTeC-fra-ext1	FRA40472	FRA40472	NA		NA	NA	U	viaf:46766944	1849	1849	NA	NA	NA	NA	fra	59454	NA	NA	medium	unspecified	T1
ELTeC-fra-ext1	FRA40724	FRA40724	NA	Les mille et un fantômes	NA	NA	U	viaf:51688902	1849	1849	NA	NA	NA	NA	fra	53147	NA	NA	medium	unspecified	T1
ELTeC-fra-ext1	FRA40007	FRA40007	NA	La femme au collier de velours	NA	NA	U	viaf:51688902	1850	1850	NA	NA	NA	NA	fra	59772	NA	NA	medium	unspecified	T1
ELTeC-fra-ext1	FRA40609	FRA40609	NA		NA	NA	U	viaf:17222447	1850	1850	NA	NA	NA	NA	fra	75779	NA	NA	medium	unspecified	T1
ELTeC-fra-ext1	FRA40133	FRA40133	NA	Les mystères du peuple. Histoire d'une famille de prolétaires à travers les âges, tome 4	NA	NA	U	viaf:66473859	1850	1850	2010	source	NA	NA	fra	144374	NA	NA	long	unspecified	T1
ELTeC-fra-ext1	FRA40132	FRA40132	NA	Les mystères du peuple. Histoire d'une famille de prolétaires à travers les âges, tome 3	NA	NA	U	viaf:66473859	1850	1850	2009	source	NA	NA	fra	128709	NA	NA	long	unspecified	T1
ELTeC-fra-ext1	FRA40135	FRA40135	NA	Les mystères du peuple. Histoire d'une famille de prolétaires à travers les âges, tome 7	NA	NA	U	viaf:author	1851	1851	2009	source	NA	NA	fra	173113	NA	NA	long	unspecified	T1
ELTeC-fra-ext1	FRA40134	FRA40134	NA	Les mystères du peuple. Histoire d'une famille de prolétaires à travers les âges, tome 6	NA	NA	U	viaf:66473859	1851	1851	2010	source	NA	NA	fra	66453	NA	NA	medium	unspecified	T1
ELTeC-fra-ext1	FRA40462	FRA40462	NA		NA	NA	U	viaf:46766944	1851	1851	NA	NA	NA	NA	fra	50575	NA	NA	medium	unspecified	T1
ELTeC-fra-ext1	FRA40623	FRA40623	NA	La Reine des Épées (Forêt Noire)	NA	NA	U	viaf:17222447	1852	1852	NA	NA	NA	NA	fra	91067	NA	NA	medium	unspecified	T1
ELTeC-fra-ext1	FRA40002	FRA40002	NA	L'ensorcelée	NA	NA	U	viaf:49221211	1852	1852	NA	NA	NA	NA	fra	73079	NA	NA	medium	unspecified	T1
ELTeC-fra-ext1	FRA40011	FRA40011	NA	La femme immortelle	NA	NA	U	viaf:17228199	1852	1852	NA	NA	NA	NA	fra	91378	NA	NA	medium	unspecified	T1
ELTeC-fra-ext1	FRA40010	FRA40010	NA	La baronne trépassée	NA	NA	U	viaf:17228199	1852	1852	NA	NA	NA	NA	fra	63872	NA	NA	medium	unspecified	T1
ELTeC-fra-ext1	FRA40449	FRA40449	NA		NA	NA	U	viaf:46766944	1853	1853	NA	NA	NA	NA	fra	123152	NA	NA	long	unspecified	T1
ELTeC-fra-ext1	FRA40137	FRA40137	NA	Les mystères du peuple. Histoire d'une famille de prolétaires à travers les âges, tome 9	NA	NA	U	viaf:66473859	1853	1853	2011	source	NA	NA	fra	109001	NA	NA	long	unspecified	T1
ELTeC-fra-ext1	FRA40136	FRA40136	NA	Les mystères du peuple. Histoire d'une famille de prolétaires à travers les âges, tome 8	NA	NA	U	viaf:66473859	1853	1853	2011	source	NA	NA	fra	112138	NA	NA	long	unspecified	T1
ELTeC-fra-ext1	FRA40738	FRA40738	NA	Aurélia	NA	NA	U	viaf:24596532	1854	1854	NA	1985	NA	NA	fra	30852	NA	NA	short	unspecified	T1
ELTeC-fra-ext1	FRA40139	FRA40139	NA	Les mystères du peuple. Histoire d'une famille de prolétaires à travers les âges, tome 11	NA	NA	U	viaf:66473859	1854	1854	2011	source	NA	NA	fra	123004	NA	NA	long	unspecified	T1
ELTeC-fra-ext1	FRA40138	FRA40138	NA	Les mystères du peuple. Histoire d'une famille de prolétaires à travers les âges, tome 10	NA	NA	U	viaf:66473859	1854	1854	2011	source	NA	NA	fra	111857	NA	NA	long	unspecified	T1
ELTeC-fra-ext1	FRA40636	FRA40636	NA		NA	NA	U	viaf:17222447	1855	1855	NA	NA	NA	NA	fra	50006	NA	NA	medium	unspecified	T1
ELTeC-fra-ext1	FRA40140	FRA40140	NA	Les mystères du peuple. Histoire d'une famille de prolétaires à travers les âges, tome 12	NA	NA	U	viaf:66473859	1855	1855	2011	source	NA	NA	fra	107922	NA	NA	long	unspecified	T1
ELTeC-fra-ext1	FRA40617	FRA40617	NA		NA	NA	U	NA	1856	1856	NA	NA	NA	NA	fra	325297	NA	NA	long	unspecified	T1
ELTeC-fra-ext1	FRA40742	FRA40742	NA	Avatar	NA	NA	U	viaf:96428598	1856	1856	NA	1857	NA	NA	fra	32933	NA	NA	short	unspecified	T1
ELTeC-fra-ext1	FRA40616	FRA40616	NA	La Louve, tome 2: Valentine de Rohan	NA	NA	U	viaf:17222447	1856	1856	NA	NA	NA	NA	fra	61584	NA	NA	medium	unspecified	T1
ELTeC-fra-ext1	FRA40141	FRA40141	NA	Les mystères du peuple. Histoire d'une famille de prolétaires à travers les âges, tome 13	NA	NA	U	viaf:66473859	1856	1856	2011	source	NA	NA	fra	107696	NA	NA	long	unspecified	T1
ELTeC-fra-ext1	FRA40003	FRA40003	NA	Le roman de la momie	NA	NA	U	viaf:96428598	1857	1857	NA	NA	NA	NA	fra	55874	NA	NA	medium	unspecified	T1
ELTeC-fra-ext1	FRA40607	FRA40607	NA		NA	NA	U	viaf:17222447	1857	1857	NA	NA	NA	NA	fra	95246	NA	NA	medium	unspecified	T1
ELTeC-fra-ext1	FRA40731	FRA40731	NA	Le meneur de loups	NA	NA	U	viaf:51688902	1857	1857	2004	NA	NA	NA	fra	80297	NA	NA	medium	unspecified	T1
ELTeC-fra-ext1	FRA40633	FRA40633	NA	Le Bossu	NA	NA	U	NA	1857	1857	NA	NA	NA	NA	fra	213986	NA	NA	long	unspecified	T1
ELTeC-fra-ext1	FRA40457	FRA40457	NA		NA	NA	U	viaf:46766944	1857	1857	NA	1875	NA	NA	fra	29860	NA	NA	short	unspecified	T1
ELTeC-fra-ext1	FRA01702_GautierT	FRA01702	Gautier, Théophile	Le roman de la momie	1800	1872	M	viaf:96428598	1857	1857	2005	1899	Wikisource	NA	fr	59638	NA	heterodiegetic	medium	high	T1
ELTeC-fra-ext1	FRA40142	FRA40142	NA	Les mystères du peuple. Histoire d'une famille de prolétaires à travers les âges, tome 15	NA	NA	U	viaf:66473859	1857	1857	2012	source	NA	NA	fra	119567	NA	NA	long	unspecified	T1
ELTeC-fra-ext1	FRA40040	FRA40040	NA	Madame Bovary	NA	NA	U	viaf:9846192	1857	1857	2012	source	NA	NA	fra	116535	NA	NA	long	unspecified	T1
ELTeC-fra-ext1	FRA40143	FRA40143	NA	Les mystères du peuple. Histoire d'une famille de prolétaires à travers les âges, tome 16	NA	NA	U	viaf:author	1857	1857	2012	source	NA	NA	fra	165100	NA	NA	long	unspecified	T1
ELTeC-fra-ext1	FRA40314	FRA40314	NA		NA	NA	U	viaf:9841962	1858	1858	NA	NA	NA	NA	fra	105642	NA	NA	long	unspecified	T1
ELTeC-fra-ext1	FRA40312	FRA40312	NA		NA	NA	U	viaf:9841962	1858	1858	NA	NA	NA	NA	fra	89310	NA	NA	medium	unspecified	T1
ELTeC-fra-ext1	FRA40302	FRA40302	NA		NA	NA	U	viaf:9841962	1858	1858	NA	NA	NA	NA	fra	84338	NA	NA	medium	unspecified	T1
ELTeC-fra-ext1	FRA40364	FRA40364	NA		NA	NA	U	viaf:96428598	1858	1858	NA	NA	NA	NA	fra	40572	NA	NA	short	unspecified	T1
ELTeC-fra-ext1	FRA40309	FRA40309	NA	Le grand Chef des Aucas	NA	NA	U	NA	1858	1858	NA	NA	NA	NA	fra	189496	NA	NA	long	unspecified	T1
ELTeC-fra-ext1	FRA41161	FRA41161	NA	Le club des valets de coeur (Rocambole), tome 1	NA	NA	U	viaf:17228199	1858	1858	2009	NA	NA	NA	fra	142638	NA	NA	long	unspecified	T1
ELTeC-fra-ext1	FRA41162	FRA41162	NA	Le club des valets de coeur (Rocambole), tome 2	NA	NA	U	viaf:17228199	1858	1858	2009	NA	NA	NA	fra	140503	NA	NA	long	unspecified	T1
ELTeC-fra-ext1	FRA41170	FRA41170	NA	Les exploits de Rocambole, tome 2: La mort du sauvage	NA	NA	U	viaf:17228199	1859	1859	2009	NA	NA	NA	fra	100460	NA	NA	long	unspecified	T1
ELTeC-fra-ext1	FRA41171	FRA41171	NA	Les exploits de Rocambole, tome 3: La Revance de Baccarat	NA	NA	U	viaf:17228199	1859	1859	NA	NA	NA	NA	fra	80480	NA	NA	medium	unspecified	T1
ELTeC-fra-ext1	FRA41169	FRA41169	NA	Les exploits de Rocambole, tome 1: La fille d'Espagne	NA	NA	U	NA	1859	1859	NA	NA	NA	NA	fra	190726	NA	NA	long	unspecified	T1
ELTeC-fra-ext1	FRA40624	FRA40624	NA		NA	NA	U	viaf:17222447	1859	1859	NA	NA	NA	NA	fra	129439	NA	NA	long	unspecified	T1
ELTeC-fra-ext1	FRA40618	FRA40618	NA		NA	NA	U	NA	1859	1859	NA	NA	NA	NA	fra	141663	NA	NA	long	unspecified	T1
ELTeC-fra-ext1	FRA40456	FRA40456	NA		NA	NA	U	viaf:46766944	1859	1859	NA	NA	NA	NA	fra	62219	NA	NA	medium	unspecified	T1
ELTeC-fra-ext1	FRA40313	FRA40313	NA		NA	NA	U	viaf:9841962	1859	1859	NA	NA	NA	NA	fra	108859	NA	NA	long	unspecified	T1
ELTeC-fra-ext1	FRA40009	FRA40009	NA	Le chevalier Ténèbre	NA	NA	U	viaf:17222447	1860	1860	NA	NA	NA	NA	fra	36717	NA	NA	short	unspecified	T2
ELTeC-fra-ext1	FRA41160	FRA41160	NA	Les chevaliers du clair de lune	NA	NA	U	viaf:17228199	1860	1860	2009	NA	NA	NA	fra	138864	NA	NA	long	unspecified	T2
ELTeC-fra-ext1	FRA40606	FRA40606	NA		NA	NA	U	viaf:17222447	1861	1861	NA	1925	NA	NA	fra	36145	NA	NA	short	unspecified	T2
ELTeC-fra-ext1	FRA40110	FRA40110	NA	Les cotillons célèbres, 2	NA	NA	U	viaf:100177491	1861	1861	2007	source	NA	NA	fra	79075	NA	NA	medium	unspecified	T2
ELTeC-fra-ext1	FRA40307	FRA40307	NA		NA	NA	U	viaf:9841962	1861	1861	NA	NA	NA	NA	fra	82543	NA	NA	medium	unspecified	T2
ELTeC-fra-ext1	FRA40109	FRA40109	NA	Les Cotillons célèbres, 1	NA	NA	U	viaf:100177491	1861	1861	n.av.	source	NA	NA	fra	70004	NA	NA	medium	unspecified	T2
ELTeC-fra-ext1	FRA40645	FRA40645	NA		NA	NA	U	viaf:9847974	1862	1862	NA	NA	NA	NA	fra	107880	NA	NA	long	unspecified	T2
ELTeC-fra-ext1	FRA40629	FRA40629	NA	Jean Diable, 2: Le procès criminel	NA	NA	U	viaf:17222447	1862	1862	NA	NA	NA	NA	fra	117081	NA	NA	long	unspecified	T2
ELTeC-fra-ext1	FRA41179	FRA41179	NA	Le testament de Grain-de-sel	NA	NA	U	NA	1862	1862	2006	NA	NA	NA	fra	162325	NA	NA	long	unspecified	T2
ELTeC-fra-ext1	FRA40730	FRA40730	NA	L'homme à l'oreille cassée	NA	NA	U	viaf:34452092	1862	1862	2004	NA	NA	NA	fra	56083	NA	NA	medium	unspecified	T2
ELTeC-fra-ext1	FRA40641	FRA40641	NA		NA	NA	U	viaf:9847974	1862	1862	NA	NA	NA	NA	fra	117563	NA	NA	long	unspecified	T2
ELTeC-fra-ext1	FRA40644	FRA40644	NA		NA	NA	U	viaf:9847974	1862	1862	NA	NA	NA	NA	fra	125747	NA	NA	long	unspecified	T2
ELTeC-fra-ext1	FRA40722	FRA40722	NA	Isis	NA	NA	U	viaf:88998504	1862	1862	2011	1862	NA	NA	fra	37446	NA	NA	short	unspecified	T2
ELTeC-fra-ext1	FRA40634	FRA40634	NA	Jean Diable	NA	NA	U	viaf:17222447	1862	1862	NA	NA	NA	NA	fra	263210	NA	NA	long	unspecified	T2
ELTeC-fra-ext1	FRA40643	FRA40643	NA		NA	NA	U	viaf:9847974	1862	1862	NA	NA	NA	NA	fra	90218	NA	NA	medium	unspecified	T2
ELTeC-fra-ext1	FRA40036	FRA40036	NA	L'invasion ou le fou Yégof	NA	NA	U	viaf:31995972	1862	1862	2006	source	NA	NA	fra	71190	NA	NA	medium	unspecified	T2
ELTeC-fra-ext1	FRA40042	FRA40042	NA	Sallambô	NA	NA	U	viaf:9846192	1862	1862	NA	source	NA	NA	fra	103529	NA	NA	long	unspecified	T2
ELTeC-fra-ext1	FRA40642	FRA40642	NA		NA	NA	U	viaf:9847974	1862	1862	NA	NA	NA	NA	fra	100805	NA	NA	long	unspecified	T2
ELTeC-fra-ext1	FRA40037	FRA40037	NA	Madame Thérèse, ou les volontaires de 92	NA	NA	U	viaf:31995972	1863	1863	2007	source	NA	NA	fra	60488	NA	NA	medium	unspecified	T2
ELTeC-fra-ext1	FRA40365	FRA40365	NA	Le Capitaine Fracasse	NA	NA	U	NA	1863	1863	NA	NA	NA	NA	fra	185668	NA	NA	long	unspecified	T2
ELTeC-fra-ext1	FRA40630	FRA40630	NA		NA	NA	U	NA	1863	1863	NA	NA	NA	NA	fra	196393	NA	NA	long	unspecified	T2
ELTeC-fra-ext1	FRA40025	FRA40025	NA	L'ami Fritz	NA	NA	U	viaf:31995972	1864	1864	2004	source	NA	NA	fra	66868	NA	NA	medium	unspecified	T2
ELTeC-fra-ext1	FRA40030	FRA40030	NA	Histoire d'un circonscrit de 1813	NA	NA	U	viaf:31995972	1864	1864	2006	source	NA	NA	fra	66181	NA	NA	medium	unspecified	T2
ELTeC-fra-ext1	FRA40737	FRA40737	NA	Un prêtre marié	NA	NA	U	viaf:49221211	1865	1865	NA	1881	NA	NA	fra	135887	NA	NA	long	unspecified	T2
ELTeC-fra-ext1	FRA40038	FRA40038	NA	Waterloo	NA	NA	U	viaf:31995972	1865	1865	2006	source	NA	NA	fra	79964	NA	NA	medium	unspecified	T2
ELTeC-fra-ext1	FRA40306	FRA40306	NA	Les Bohèmes de la mer	NA	NA	U	viaf:9841962	1865	1865	NA	NA	NA	NA	fra	55472	NA	NA	medium	unspecified	T2
ELTeC-fra-ext1	FRA41020	FRA41020	NA	L'affaire Lerouge	NA	NA	U	viaf:100177491	1865	1865	2004	NA	NA	NA	fra	124080	NA	NA	long	unspecified	T2
ELTeC-fra-ext1	FRA04101_Erckmann	FRA04101	Erckmann, Émile	Waterloo	1822	1899	M	viaf:31995972	1865	1865	2006	source	NA	viaf:182215847	fra	81303	NA	NA	medium	high	T2
ELTeC-fra-ext1	FRA40611	FRA40611	NA		NA	NA	U	NA	1865	1865	NA	NA	NA	NA	fra	161705	NA	NA	long	unspecified	T2
ELTeC-fra-ext1	FRA40031	FRA40031	NA	Histoire d'un homme du peuple	NA	NA	U	viaf:312339246	1865	1865	2008	source	NA	NA	fra	79261	NA	NA	medium	unspecified	T2
ELTeC-fra-ext1	FRA40732	FRA40732	NA	La vampire	NA	NA	U	viaf:17222447	1865	1865	2003	NA	NA	NA	fra	87003	NA	NA	medium	unspecified	T2
ELTeC-fra-ext1	FRA40319	FRA40319	NA	Les Pieds fourchus	NA	NA	U	viaf:61641578	1866	1866	NA	NA	NA	NA	fra	35790	NA	NA	short	unspecified	T2
ELTeC-fra-ext1	FRA40458	FRA40458	NA		NA	NA	U	viaf:46766944	1866	1866	NA	1882	NA	NA	fra	80767	NA	NA	medium	unspecified	T2
ELTeC-fra-ext1	FRA40086	FRA40086	NA	Voyages et aventures du Capitaine Hatteras	NA	NA	U	viaf:76323989	1866	1866	2004	NA	NA	NA	fra	142545	NA	NA	long	unspecified	T2
ELTeC-fra-ext1	FRA01901_Gaboriau	FRA01901	Gaboriau, Émile	Le crime d'Orcival	1832	1873	M	viaf:100177491	1866	1866	2014	1869	NA	viaf:312348929	fra	127326	NA	NA	long	low	T2
ELTeC-fra-ext1	FRA04003_Verne	FRA04003	Verne, Jules	Voyages et aventures du Capitaine Hatteras	1828	1905	M	viaf:76323989	1866	1866	2004	NA	NA	viaf:176496719	fra	144174	NA	NA	long	high	T2
ELTeC-fra-ext1	FRA41177	FRA41177	NA	La résurrection de Rocambole, tome 2: Saint-Lazare - L'auberge maudite - La maison de fous	NA	NA	U	NA	1866	1866	NA	NA	NA	NA	fra	170981	NA	NA	long	unspecified	T2
ELTeC-fra-ext1	FRA40013	FRA40013	NA	Les nuits du quartier Breda	NA	NA	U	viaf:17228199	1866	1866	NA	1866	NA	NA	fra	50175	NA	NA	medium	unspecified	T2
ELTeC-fra-ext1	FRA03102_Ponson	FRA03102	Ponson du Terrail, Pierre Alexis	La résurrection de Rocambole	1829	1871	M	viaf:17228199	1866	1866	NA	NA	Ebooks libres et gratuits	viaf:294264533	fr	173741	NA	heterodiegetic	long	low	T2
ELTeC-fra-ext1	FRA03301_Rattazzi	FRA03301	Rattazzi, Marie [Marie-Lætitia Bonaparte-Wyse]	La Mexicaine	1831	1902	F	viaf:30341384	1866	1866	2012-10-08	1866	Bibliothèque numérique romande (BNR)	NA	fra	56517	NA	heterodiegetic	medium	low	T2
ELTeC-fra-ext1	FRA41178	FRA41178	NA	La résurrection de Rocambole, tome 3: Redemption - La Vengeance de Vasilika	NA	NA	U	viaf:17228199	1866	1866	2009	NA	NA	NA	fra	69104	NA	NA	medium	unspecified	T2
ELTeC-fra-ext1	FRA40380	FRA40380	NA		NA	NA	U	viaf:31987653	1866	1866	NA	NA	NA	NA	fra	39552	NA	NA	short	unspecified	T2
ELTeC-fra-ext1	FRA41155	FRA41155	NA	Le crime d'Orcival	NA	NA	U	viaf:100177491	1866	1866	2014	1869	NA	NA	fra	116778	NA	NA	long	unspecified	T2
ELTeC-fra-ext1	FRA41176	FRA41176	NA	La résurrection de Rocambole, tome 1: Le bagne de Toulon - Antoinette	NA	NA	U	viaf:17228199	1866	1866	NA	NA	NA	NA	fra	79569	NA	NA	medium	unspecified	T2
ELTeC-fra-ext1	FRA41029	FRA41029	NA	Les esclaves de Paris, tome 2	NA	NA	U	NA	1867	1867	Ebookslibres, 2010.	NA	NA	NA	fra	148380	NA	NA	long	unspecified	T2
ELTeC-fra-ext1	FRA40026	FRA40026	NA	Le blocus	NA	NA	U	viaf:31995972	1867	1867	2007	source	NA	NA	fra	67245	NA	NA	medium	unspecified	T2
ELTeC-fra-ext1	FRA41165	FRA41165	NA	Les trésors du Rajah (Le dernier mot de Rocambole, 4)	NA	NA	U	viaf:17228199	1867	1867	2011	NA	NA	NA	fra	48761	NA	NA	short	unspecified	T2
ELTeC-fra-ext1	FRA40379	FRA40379	NA		NA	NA	U	viaf:31987653	1867	1867	NA	NA	NA	NA	fra	40459	NA	NA	short	unspecified	T2
ELTeC-fra-ext1	FRA40020	FRA40020	NA	Le petit chose	NA	NA	U	viaf:4928621	1867	1867	2004	source	NA	NA	fra	86121	NA	NA	medium	unspecified	T2
ELTeC-fra-ext1	FRA41166	FRA41166	NA	Les millions de la Bohémienne (Le dernier mot de Rocambole, 2)	NA	NA	U	viaf:17228199	1867	1867	NA	NA	NA	NA	fra	104180	NA	NA	long	unspecified	T2
ELTeC-fra-ext1	FRA40637	FRA40637	NA		NA	NA	U	viaf:17222447	1867	1867	NA	NA	NA	NA	fra	142939	NA	NA	long	unspecified	T2
ELTeC-fra-ext1	FRA41167	FRA41167	NA	Un drame dans l'inde (Le dernier mot de Rocambole, 3)	NA	NA	U	viaf:17228199	1867	1867	2010	NA	NA	NA	fra	100802	NA	NA	long	unspecified	T2
ELTeC-fra-ext1	FRA41173	FRA41173	NA	Les misères de Londres, tome 2: L'enfant perdu	NA	NA	U	viaf:17228199	1868	1868	NA	NA	NA	NA	fra	69860	NA	NA	medium	unspecified	T2
ELTeC-fra-ext1	FRA41172	FRA41172	NA	Les misères de Londres, tome 1: Prologue - La nourrisseuse d'enfants	NA	NA	U	viaf:17228199	1868	1868	2007	NA	NA	NA	fra	53587	NA	NA	medium	unspecified	T2
ELTeC-fra-ext1	FRA41174	FRA41174	NA	Les misères de Londres, tome 3: La cage aux oiseaux	NA	NA	U	viaf:17228199	1868	1868	2007	NA	NA	NA	fra	59706	NA	NA	medium	unspecified	T2
ELTeC-fra-ext1	FRA40605	FRA40605	NA	Le Cavalier Fortune	NA	NA	U	viaf:17222447	1868	1868	NA	NA	NA	NA	fra	128790	NA	NA	long	unspecified	T2
ELTeC-fra-ext1	FRA40012	FRA40012	NA	La fée d'Auteuil	NA	NA	U	viaf:17228199	1868	1868	NA	1868	NA	NA	fra	61344	NA	NA	medium	unspecified	T2
ELTeC-fra-ext1	FRA40305	FRA40305	NA		NA	NA	U	viaf:9841962	1868	1868	NA	NA	NA	NA	fra	56917	NA	NA	medium	unspecified	T2
ELTeC-fra-ext1	FRA40632	FRA40632	NA		NA	NA	U	viaf:17222447	1868	1868	NA	NA	NA	NA	fra	127084	NA	NA	long	unspecified	T2
ELTeC-fra-ext1	FRA40374	FRA40374	NA		NA	NA	U	viaf:31987653	1868	1868	NA	NA	NA	NA	fra	36654	NA	NA	short	unspecified	T2
ELTeC-fra-ext1	FRA03103_Ponson	FRA03103	Ponson du Terrail, Pierre Alexis	La fée d'Auteuil	1829	1871	M	viaf:17228199	1868	1868	NA	1868	NA	viaf:missing	fra	64938	NA	NA	medium	low	T2
ELTeC-fra-ext1	FRA41028	FRA41028	NA	Les esclaves de Paris, tome 1	NA	NA	U	NA	1868	1868	Ebookslibres, 2010.	NA	NA	NA	fra	146666	NA	NA	long	unspecified	T2
ELTeC-fra-ext1	FRA41175	FRA41175	NA	Les misères de Londres, tome 4: Les tribulations de Shoking	NA	NA	U	viaf:17228199	1868	1868	NA	NA	NA	NA	fra	90930	NA	NA	medium	unspecified	T2
ELTeC-fra-ext1	FRA40041	FRA40041	NA	L'Éducation sentimentale	NA	NA	U	viaf:9846192	1869	1869	NA	source	NA	NA	fra	150492	NA	NA	long	unspecified	T2
ELTeC-fra-ext1	FRA40035	FRA40035	Erckmann, Émile	Histoire d'un paysan, 1789-1815, IV	1822	1899	U	viaf:31995972	1869	1869	2009	source	NA	NA	fra	78464	NA	NA	medium	unspecified	T2
ELTeC-fra-ext1	FRA40032	FRA40032	NA	Histoire d'un paysan, 1789-1815, I	NA	NA	U	viaf:31995972	1869	1869	2009	source	NA	NA	fra	79934	NA	NA	medium	unspecified	T2
ELTeC-fra-ext1	FRA40612	FRA40612	NA		NA	NA	U	viaf:17222447	1869	1869	NA	NA	NA	NA	fra	76375	NA	NA	medium	unspecified	T2
ELTeC-fra-ext1	FRA40376	FRA40376	NA		NA	NA	U	viaf:31987653	1869	1869	NA	NA	NA	NA	fra	39366	NA	NA	short	unspecified	T2
ELTeC-fra-ext1	FRA03901_Stolz	FRA03901	Stolz, Madame de [Fanny de Bégon]	La Maison roulante	1820	1898	F	viaf:19850120 wikidata:Q3275360	1869	1869	NA	NA	Bibliothèque électronique du Québec (BEQ)	viaf:309282062	fr	52092	NA	heterodiegetic	medium	low	T2
ELTeC-fra-ext1	FRA40082	FRA40082	NA	Autour de la lune	NA	NA	U	viaf:76323989	1869	1869	2003	source	NA	NA	fra	57710	NA	NA	medium	unspecified	T2
ELTeC-fra-ext1	FRA40033	FRA40033	NA	Histoire d'un paysan, 1789-1815, II	NA	NA	U	viaf:31995972	1869	1869	2009	source	NA	NA	fra	78096	NA	NA	medium	unspecified	T2
ELTeC-fra-ext1	FRA40034	FRA40034	Erckmann, Émile	Histoire d'un paysan, 1789-1815, III	1822	1899	U	viaf:31995972	1869	1869	2009	source	NA	NA	fra	89470	NA	NA	medium	unspecified	T2
ELTeC-fra-ext1	FRA41168	FRA41168	NA	Rocambole en prison	NA	NA	U	viaf:17228199	1869	1869	2011	1910	NA	NA	fra	119745	NA	NA	long	unspecified	T2
ELTeC-fra-ext1	FRA40409	FRA40409	NA		NA	NA	U	viaf:49228546	1869	1869	NA	1884	NA	NA	fra	65835	NA	NA	medium	unspecified	T2
ELTeC-fra-ext1	FRA40631	FRA40631	NA		NA	NA	U	viaf:17222447	1869	1869	NA	NA	NA	NA	fra	90430	NA	NA	medium	unspecified	T2
ELTeC-fra-ext1	FRA40476	FRA40476	Stolz, Madame de [Fanny de Bégon]	La Maison roulante	1820	1898	U	viaf:79158042	1869	1869	NA	NA	NA	NA	fra	48410	NA	NA	short	unspecified	T2
ELTeC-fra-ext1	FRA40300	FRA40300	NA		NA	NA	U	viaf:9841962	1869	1869	NA	NA	NA	NA	fra	72186	NA	NA	medium	unspecified	T2
ELTeC-fra-ext1	FRA41159	FRA41159	NA	Monsieur Lecoq, 2: L'Honneur du nom	NA	NA	U	NA	1869	1869	NA	NA	NA	NA	fra	162558	NA	NA	long	unspecified	T2
ELTeC-fra-ext1	FRA41158	FRA41158	NA	Monsieur Lecoq, 1 : L'enquête	NA	NA	U	viaf:100177491	1869	1869	NA	NA	NA	NA	fra	95792	NA	NA	medium	unspecified	T2
ELTeC-fra-ext1	FRA41156	FRA41156	NA	La vie infernale, 1 : Pascal et Marguerite	NA	NA	U	viaf:100177491	1870	1870	2013	1881	NA	NA	fra	111134	NA	NA	long	unspecified	T2
ELTeC-fra-ext1	FRA41157	FRA41157	NA	La vie infernale, 2 : Lia d'Argelès	NA	NA	U	viaf:100177491	1870	1870	2013	1881	NA	NA	fra	118177	NA	NA	long	unspecified	T2
ELTeC-fra-ext1	FRA41164	FRA41164	NA	La corde du pendu (Rocambole), tome 2: L'homme gris	NA	NA	U	viaf:17228199	1870	1870	2011	1910	NA	NA	fra	59745	NA	NA	medium	unspecified	T2
ELTeC-fra-ext1	FRA41163	FRA41163	NA	La corde du pendu (Rocambole)	NA	NA	U	viaf:17228199	1870	1870	2011	1910	NA	NA	fra	126214	NA	NA	long	unspecified	T2
ELTeC-fra-ext1	FRA40095	FRA40095	NA	La fortune des Rougon	NA	NA	U	viaf:32004502	1870	1870	2003	source	NA	NA	fra	120741	NA	NA	long	unspecified	T2
ELTeC-fra-ext1	FRA40420	FRA40420	NA		NA	NA	U	viaf:49228546	1870	1870	NA	NA	NA	NA	fra	43347	NA	NA	short	unspecified	T2
ELTeC-fra-ext1	FRA41023	FRA41023	NA	La clique dorée (partie 1)	NA	NA	U	viaf:100177491	1871	1871	2010	NA	NA	NA	fra	78545	NA	NA	medium	unspecified	T2
ELTeC-fra-ext1	FRA41024	FRA41024	NA	La clique dorée (partie 2)	NA	NA	U	viaf:100177491	1871	1871	2010	NA	NA	NA	fra	86493	NA	NA	medium	unspecified	T2
ELTeC-fra-ext1	FRA40455	FRA40455	NA		NA	NA	U	viaf:46766944	1871	1871	NA	1890	NA	NA	fra	38791	NA	NA	short	unspecified	T2
ELTeC-fra-ext1	FRA40178	FRA40178	NA	Vingt Mille lieues sous les mers	NA	NA	U	viaf:76323989	1871	1871	2008	source	NA	NA	fra	143608	NA	NA	long	unspecified	T2
ELTeC-fra-ext1	FRA41026	FRA41026	NA	La dégringolade, tome 2	NA	NA	U	viaf:100177491	1872	1872	Ebookslibres, 2011.	NA	NA	NA	fra	103994	NA	NA	long	unspecified	T2
ELTeC-fra-ext1	FRA40485	FRA40485	NA		NA	NA	U	viaf:79158042	1872	1872	NA	NA	NA	NA	fra	45557	NA	NA	short	unspecified	T2
ELTeC-fra-ext1	FRA40479	FRA40479	NA		NA	NA	U	viaf:79158042	1872	1872	NA	NA	NA	NA	fra	45825	NA	NA	short	unspecified	T2
ELTeC-fra-ext1	FRA41027	FRA41027	NA	La dégringolade, tome 3	NA	NA	U	viaf:100177491	1872	1872	Ebookslibres, 2011.	NA	NA	NA	fra	81786	NA	NA	medium	unspecified	T2
ELTeC-fra-ext1	FRA41025	FRA41025	NA	La dégringolade, tome 1	NA	NA	U	viaf:100177491	1872	1872	Ebookslibres, 2010.	NA	NA	NA	fra	94752	NA	NA	medium	unspecified	T2
ELTeC-fra-ext1	FRA40083	FRA40083	NA	Aventures de trois russes et de trois anglais dans l'Afrique australe	NA	NA	U	viaf:76323989	1872	1872	2006	source	NA	NA	fra	67646	NA	NA	medium	unspecified	T2
ELTeC-fra-ext1	FRA40092	FRA40092	NA	La curée	NA	NA	U	viaf:32004502	1872	1872	2003	source	NA	NA	fra	108030	NA	NA	long	unspecified	T2
ELTeC-fra-ext1	FRA40372	FRA40372	NA		NA	NA	U	viaf:31987653	1872	1872	NA	NA	NA	NA	fra	43256	NA	NA	short	unspecified	T2
ELTeC-fra-ext1	FRA40635	FRA40635	NA	Les Compagnons du trésor	NA	NA	U	NA	1872	1872	NA	NA	NA	NA	fra	164508	NA	NA	long	unspecified	T2
ELTeC-fra-ext1	FRA40445	FRA40445	NA		NA	NA	U	viaf:46766944	1872	1872	NA	2005	NA	NA	fra	94058	NA	NA	medium	unspecified	T2
ELTeC-fra-ext1	FRA40023	FRA40023	NA	Les aventures prodigieuses de Tartarin de Tarascon	NA	NA	U	viaf:4928621	1872	1872	2005	source	NA	NA	fra	28045	NA	NA	short	unspecified	T2
ELTeC-fra-ext1	FRA40416	FRA40416	NA		NA	NA	U	viaf:49228546	1873	1873	NA	NA	NA	NA	fra	45366	NA	NA	short	unspecified	T2
ELTeC-fra-ext1	FRA40375	FRA40375	NA		NA	NA	U	viaf:31987653	1873	1873	NA	NA	NA	NA	fra	42899	NA	NA	short	unspecified	T2
ELTeC-fra-ext1	FRA40029	FRA40029	NA	Les deux frères (Les Rantzau)	NA	NA	U	viaf:31995972	1873	1873	2007	source	NA	NA	fra	64876	NA	NA	medium	unspecified	T2
ELTeC-fra-ext1	FRA40174	FRA40174	NA	Le Pays des fourrures	NA	NA	U	viaf:76323989	1873	1873	2006	source	NA	NA	fra	135914	NA	NA	long	unspecified	T2
ELTeC-fra-ext1	FRA40027	FRA40027	NA	Une campagne en Kabylie	NA	NA	U	viaf:31995972	1873	1873	2008	source	NA	NA	fra	22776	NA	NA	short	unspecified	T2
ELTeC-fra-ext1	FRA41152	FRA41152	NA	La corde au cou, 2	NA	NA	U	viaf:100177491	1873	1873	NA	NA	NA	NA	fra	89314	NA	NA	medium	unspecified	T2
ELTeC-fra-ext1	FRA40061	FRA40061	NA	Le Ventre de Paris	NA	NA	U	viaf:32004502	1873	1873	2010	source	NA	NA	fra	113519	NA	NA	long	unspecified	T2
ELTeC-fra-ext1	FRA41151	FRA41151	NA	La corde au cou	NA	NA	U	viaf:100177491	1873	1873	2009	NA	NA	NA	fra	159745	NA	NA	long	unspecified	T2
ELTeC-fra-ext1	FRA40478	FRA40478	NA		NA	NA	U	viaf:79158042	1874	1874	NA	NA	NA	NA	fra	43877	NA	NA	short	unspecified	T2
ELTeC-fra-ext1	FRA40348	FRA40348	NA		NA	NA	U	viaf:41872490	1874	1874	NA	NA	NA	NA	fra	35390	NA	NA	short	unspecified	T2
ELTeC-fra-ext1	FRA40311	FRA40311	NA	Belle rivière	NA	NA	U	viaf:9841962	1874	1874	NA	NA	NA	NA	fra	129087	NA	NA	long	unspecified	T2
ELTeC-fra-ext1	FRA40484	FRA40484	NA		NA	NA	U	viaf:79158042	1874	1874	NA	NA	NA	NA	fra	51701	NA	NA	medium	unspecified	T2
ELTeC-fra-ext1	FRA40417	FRA40417	NA		NA	NA	U	viaf:49228546	1874	1874	NA	1874	NA	NA	fra	84322	NA	NA	medium	unspecified	T2
ELTeC-fra-ext1	FRA01903_Gaboriau	FRA01903	Gaboriau, Émile	L'Argent des autres	1832	1873	M	viaf:100177491	1874	1874	2012	NA	NA	viaf:312338404	fra	173622	NA	NA	long	high	T2
ELTeC-fra-ext1	FRA40412	FRA40412	NA		NA	NA	U	viaf:49228546	1874	1874	NA	1874	NA	NA	fra	67916	NA	NA	medium	unspecified	T2
ELTeC-fra-ext1	FRA41021	FRA41021	NA	L'Argent des autres	NA	NA	U	viaf:100177491	1874	1874	2012	NA	NA	NA	fra	165425	NA	NA	long	unspecified	T2
ELTeC-fra-ext1	FRA40371	FRA40371	NA		NA	NA	U	viaf:31987653	1874	1874	NA	NA	NA	NA	fra	43332	NA	NA	short	unspecified	T2
ELTeC-fra-ext1	FRA40447	FRA40447	NA		NA	NA	U	viaf:46766944	1875	1875	NA	NA	NA	NA	fra	22729	NA	NA	short	unspecified	T2
ELTeC-fra-ext1	FRA40017	FRA40017	NA	Jack	NA	NA	U	viaf:author	1875	1875	2008	source	NA	NA	fra	171531	NA	NA	long	unspecified	T2
ELTeC-fra-ext1	FRA40104	FRA40104	NA	La faute de l'abbé Mouret	NA	NA	U	viaf:32004502	1875	1875	2003	source	NA	NA	fra	118153	NA	NA	long	unspecified	T2
ELTeC-fra-ext1	FRA40088	FRA40088	NA	Le Chancellor	NA	NA	U	viaf:76323989	1875	1875	2004	source	NA	NA	fra	54828	NA	NA	medium	unspecified	T2
ELTeC-fra-ext1	FRA40169	FRA40169	NA	L'Île mystérieuse	NA	NA	U	viaf:author	1875	1875	2004	source	NA	NA	fra	201275	NA	NA	long	unspecified	T2
ELTeC-fra-ext1	FRA40625	FRA40625	NA	La Ville-vampire	NA	NA	U	viaf:17222447	1875	1875	NA	NA	NA	NA	fra	41836	NA	NA	short	unspecified	T2
ELTeC-fra-ext1	FRA40370	FRA40370	NA		NA	NA	U	viaf:31987653	1876	1876	NA	NA	NA	NA	fra	42257	NA	NA	short	unspecified	T2
ELTeC-fra-ext1	FRA40096	FRA40096	NA	Son excellence Eugène Rougon	NA	NA	U	viaf:32004502	1876	1876	2003	source	NA	NA	fra	132579	NA	NA	long	unspecified	T2
ELTeC-fra-ext1	FRA40028	FRA40028	NA	Un chef de chantier à l'isthme de Suez	NA	NA	U	viaf:31995972	1876	1876	2008	source	NA	NA	fra	41440	NA	NA	short	unspecified	T2
ELTeC-fra-ext1	FRA40168	FRA40168	NA	Hector Servadac	NA	NA	U	viaf:76323989	1877	1877	2005	source	NA	NA	fra	122924	NA	NA	long	unspecified	T2
ELTeC-fra-ext1	FRA40304	FRA40304	NA		NA	NA	U	viaf:9841962	1877	1877	NA	NA	NA	NA	fra	98114	NA	NA	medium	unspecified	T2
ELTeC-fra-ext1	FRA40303	FRA40303	NA		NA	NA	U	viaf:9841962	1877	1877	NA	NA	NA	NA	fra	101314	NA	NA	long	unspecified	T2
ELTeC-fra-ext1	FRA40018	FRA40018	NA	Le Nabab	NA	NA	U	viaf:4928621	1877	1877	2005	source	NA	NA	fra	140061	NA	NA	long	unspecified	T2
ELTeC-fra-ext1	FRA40347	FRA40347	NA		NA	NA	U	viaf:41872490	1877	1877	NA	NA	NA	NA	fra	32352	NA	NA	short	unspecified	T2
ELTeC-fra-ext1	FRA40308	FRA40308	NA	Le Chasseur de rats	NA	NA	U	viaf:9841962	1877	1877	NA	NA	NA	NA	fra	157443	NA	NA	long	unspecified	T2
ELTeC-fra-ext1	FRA40100	FRA40100	NA	L'assommoir	NA	NA	U	viaf:32004502	1877	1877	2003	source	NA	NA	fra	164260	NA	NA	long	unspecified	T2
ELTeC-fra-ext1	FRA40014	FRA40014	NA	Hector Servadac	NA	NA	U	viaf:76323989	1877	1877	NA	NA	NA	NA	fra	117697	NA	NA	long	unspecified	T2
ELTeC-fra-ext1	FRA40407	FRA40407	NA		NA	NA	U	viaf:49228546	1878	1878	NA	NA	NA	NA	fra	104705	NA	NA	long	unspecified	T2
ELTeC-fra-ext1	FRA40377	FRA40377	NA		NA	NA	U	viaf:31987653	1878	1878	NA	NA	NA	NA	fra	54753	NA	NA	medium	unspecified	T2
ELTeC-fra-ext1	FRA40318	FRA40318	NA		NA	NA	U	viaf:61641578	1878	1878	NA	NA	NA	NA	fra	31128	NA	NA	short	unspecified	T2
ELTeC-fra-ext1	FRA40087	FRA40087	NA	Un capitaine de quinze ans	NA	NA	U	viaf:76323989	1878	1878	2008	source	NA	NA	fra	120890	NA	NA	long	unspecified	T2
ELTeC-fra-ext1	FRA40099	FRA40099	NA	Une page d'amour	NA	NA	U	viaf:32004502	1878	1878	2003	source	NA	NA	fra	106516	NA	NA	long	unspecified	T2
ELTeC-fra-ext1	FRA40482	FRA40482	NA		NA	NA	U	viaf:79158042	1878	1878	NA	NA	NA	NA	fra	45634	NA	NA	short	unspecified	T2
ELTeC-fra-ext1	FRA40410	FRA40410	NA		NA	NA	U	viaf:49228546	1878	1878	NA	NA	NA	NA	fra	114534	NA	NA	long	unspecified	T2
ELTeC-fra-ext1	FRA40315	FRA40315	NA		NA	NA	U	viaf:61641578	1879	1879	NA	NA	NA	NA	fra	35542	NA	NA	short	unspecified	T2
ELTeC-fra-ext1	FRA02503_Loti	FRA02503	Loti, Pierre	Aziyadé : Extrait des notes et lettres d'un lieutenant de la marine anglaise	1850	1923	M	viaf:89440078	1879	1879	2003	source	NA	viaf:185695658	fra	53825	NA	NA	medium	high	T2
ELTeC-fra-ext1	FRA40177	FRA40177	NA	Les Tribulations d'un chinois en Chine	NA	NA	U	viaf:76323989	1879	1879	2003	source	NA	NA	fra	59668	NA	NA	medium	unspecified	T2
ELTeC-fra-ext1	FRA40317	FRA40317	NA		NA	NA	U	viaf:61641578	1879	1879	NA	NA	NA	NA	fra	35646	NA	NA	short	unspecified	T2
ELTeC-fra-ext1	FRA40382	FRA40382	NA		NA	NA	U	viaf:41841635	1879	1879	NA	1880	NA	NA	fra	63762	NA	NA	medium	unspecified	T2
ELTeC-fra-ext1	FRA40320	FRA40320	NA		NA	NA	U	viaf:61641578	1879	1879	NA	NA	NA	NA	fra	37562	NA	NA	short	unspecified	T2
ELTeC-fra-ext1	FRA40043	FRA40043	NA	Aziyadé	NA	NA	U	viaf:89440078	1879	1879	2003	source	NA	NA	fra	51968	NA	NA	medium	unspecified	T2
ELTeC-fra-ext1	FRA40316	FRA40316	NA		NA	NA	U	viaf:61641578	1879	1879	NA	NA	NA	NA	fra	35743	NA	NA	short	unspecified	T2
ELTeC-fra-ext1	FRA40638	FRA40638	NA		NA	NA	U	viaf:41841635	1879	1879	NA	NA	NA	NA	fra	66134	NA	NA	medium	unspecified	T2
ELTeC-fra-ext1	FRA40368	FRA40368	NA		NA	NA	U	viaf:31987653	1880	1880	NA	NA	NA	NA	fra	36480	NA	NA	short	unspecified	T3
ELTeC-fra-ext1	FRA40346	FRA40346	NA		NA	NA	U	viaf:41872490	1880	1880	NA	NA	NA	NA	fra	48108	NA	NA	short	unspecified	T3
ELTeC-fra-ext1	FRA40051	FRA40051	NA	Le roman d'un Spahi	NA	NA	U	viaf:89440078	1881	1881	2003	source	NA	NA	fra	48394	NA	NA	short	unspecified	T3
ELTeC-fra-ext1	FRA40481	FRA40481	NA		NA	NA	U	viaf:79158042	1881	1881	NA	NA	NA	NA	fra	49413	NA	NA	short	unspecified	T3
ELTeC-fra-ext1	FRA40477	FRA40477	NA		NA	NA	U	viaf:79158042	1881	1881	NA	NA	NA	NA	fra	38731	NA	NA	short	unspecified	T3
ELTeC-fra-ext1	FRA40301	FRA40301	NA	Les Bandits d'Arizona	NA	NA	U	viaf:9841962	1881	1881	NA	NA	NA	NA	fra	66933	NA	NA	medium	unspecified	T3
ELTeC-fra-ext1	FRA40039	FRA40039	NA	Bouvard et Pécuchet	NA	NA	U	viaf:9846192	1881	1881	2010	source	NA	NA	fra	85799	NA	NA	medium	unspecified	T3
ELTeC-fra-ext1	FRA40613	FRA40613	NA	Une Histoire de revenants	NA	NA	U	viaf:17222447	1881	1881	NA	NA	NA	NA	fra	45906	NA	NA	short	unspecified	T3
ELTeC-fra-ext1	FRA40413	FRA40413	NA		NA	NA	U	viaf:49228546	1881	1881	NA	NA	NA	NA	fra	78086	NA	NA	medium	unspecified	T3
ELTeC-fra-ext1	FRA41150	FRA41150	NA	Les amours d'une empoisonneuse	NA	NA	U	viaf:100177491	1881	1881	2011	1888	NA	NA	fra	56654	NA	NA	medium	unspecified	T3
ELTeC-fra-ext1	FRA41005	FRA41005	NA	Le crime de l'omnibus	NA	NA	U	viaf:19720225	1881	1881	2006	NA	NA	NA	fra	89771	NA	NA	medium	unspecified	T3
ELTeC-fra-ext1	FRA40019	FRA40019	NA	Numa Roumestan	NA	NA	U	viaf:4928621	1881	1881	2005	source	NA	NA	fra	82839	NA	NA	medium	unspecified	T3
ELTeC-fra-ext1	FRA40614	FRA40614	NA	L'Homme sans bras	NA	NA	U	viaf:17222447	1881	1881	NA	NA	NA	NA	fra	45448	NA	NA	short	unspecified	T3
ELTeC-fra-ext1	FRA00903_Daudet	FRA00903	Daudet, Alphonse	Numa Roumestan : Mœurs Parisiennes	1840	1897	M	viaf:4928621	1881	1881	2005	NA	Ebooks libres et gratuits	viaf:287900644	fr	85708	NA	heterodiegetic	medium	low	T3
ELTeC-fra-ext1	FRA40648	FRA40648	NA		NA	NA	U	viaf:4925052	1881	1881	NA	NA	NA	NA	fra	55600	NA	NA	medium	unspecified	T3
ELTeC-fra-ext1	FRA00303_Aimard	FRA00303	Aimard, Gustave	Les Bandits de l'Arizona	1818	1883	M	viaf:9841962	1881	1881	NA	NA	NA	viaf:307977755	fra	72134	NA	NA	medium	low	T3
ELTeC-fra-ext1	FRA40350	FRA40350	NA		NA	NA	U	viaf:41872490	1881	1881	NA	NA	NA	NA	fra	59461	NA	NA	medium	unspecified	T3
ELTeC-fra-ext1	FRA40367	FRA40367	NA		NA	NA	U	viaf:31987653	1882	1882	NA	NA	NA	NA	fra	42016	NA	NA	short	unspecified	T3
ELTeC-fra-ext1	FRA40046	FRA40046	NA	Le mariage de Loti	NA	NA	U	viaf:89440078	1882	1882	2003	source	NA	NA	fra	47819	NA	NA	short	unspecified	T3
ELTeC-fra-ext1	FRA40016	FRA40016	NA	L'évangeliste	NA	NA	U	viaf:4928621	1882	1882	2006	source	NA	NA	fra	67736	NA	NA	medium	unspecified	T3
ELTeC-fra-ext1	FRA40101	FRA40101	NA	Pot-bouille	NA	NA	U	viaf:32004502	1882	1882	2003	source	NA	NA	fra	141012	NA	NA	long	unspecified	T3
ELTeC-fra-ext1	FRA40006	FRA40006	NA	Une histoire sans nom	NA	NA	U	viaf:49221211	1882	1882	NA	NA	NA	NA	fra	37723	NA	NA	short	unspecified	T3
ELTeC-fra-ext1	FRA40349	FRA40349	NA		NA	NA	U	viaf:41872490	1882	1882	NA	1887	NA	NA	fra	41970	NA	NA	short	unspecified	T3
ELTeC-fra-ext1	FRA40097	FRA40097	NA	Le Capitaine Burle	NA	NA	U	viaf:32004502	1883	1883	2008	source	NA	NA	fra	62672	NA	NA	medium	unspecified	T3
ELTeC-fra-ext1	FRA40047	FRA40047	NA	Mon frère Yves	NA	NA	U	viaf:89440078	1883	1883	2008	source	NA	NA	fra	71698	NA	NA	medium	unspecified	T3
ELTeC-fra-ext1	FRA40171	FRA40171	NA	Kéraban-Le-Têtu	NA	NA	U	viaf:76323989	1883	1883	2003	source	NA	NA	fra	111889	NA	NA	long	unspecified	T3
ELTeC-fra-ext1	FRA40403	FRA40403	NA		NA	NA	U	viaf:89440078	1883	1883	NA	1883	NA	NA	fra	69604	NA	NA	medium	unspecified	T3
ELTeC-fra-ext1	FRA40056	FRA40056	NA	Une Vie	NA	NA	U	viaf:29537765	1883	1883	NA	source	NA	NA	fra	75745	NA	NA	medium	unspecified	T3
ELTeC-fra-ext1	FRA40426	FRA40426	NA		NA	NA	U	viaf:100204602	1883	1883	NA	NA	NA	NA	fra	56786	NA	NA	medium	unspecified	T3
ELTeC-fra-ext1	FRA40734	FRA40734	NA	Monsieur Vénus	NA	NA	U	viaf:44304153	1884	1884	2011	1889	NA	NA	fra	41745	NA	NA	short	unspecified	T3
ELTeC-fra-ext1	FRA40022	FRA40022	NA	Sapho	NA	NA	U	viaf:author	1884	1884	2004	source	NA	NA	fra	58448	NA	NA	medium	unspecified	T3
ELTeC-fra-ext1	FRA40640	FRA40640	NA		NA	NA	U	viaf:41841635	1884	1884	NA	NA	NA	NA	fra	63985	NA	NA	medium	unspecified	T3
ELTeC-fra-ext1	FRA40378	FRA40378	NA		NA	NA	U	viaf:31987653	1884	1884	NA	1884	NA	NA	fra	29029	NA	NA	short	unspecified	T3
ELTeC-fra-ext1	FRA40373	FRA40373	NA		NA	NA	U	viaf:31987653	1884	1884	NA	NA	NA	NA	fra	49469	NA	NA	short	unspecified	T3
ELTeC-fra-ext1	FRA40098	FRA40098	NA	La joie de vivre	NA	NA	U	viaf:32004502	1884	1884	2003	source	NA	NA	fra	121042	NA	NA	long	unspecified	T3
ELTeC-fra-ext1	FRA40480	FRA40480	NA		NA	NA	U	viaf:79158042	1884	1884	NA	NA	NA	NA	fra	48728	NA	NA	short	unspecified	T3
ELTeC-fra-ext1	FRA40081	FRA40081	NA	L'archipel en feu	NA	NA	U	viaf:76323989	1884	1884	2005	source	NA	NA	fra	60746	NA	NA	medium	unspecified	T3
ELTeC-fra-ext1	FRA03902_Stolz	FRA03902	Stolz, Madame de [Fanny de Bégon]	La Maison blanche	1820	1898	F	viaf:19850120 wikidata:Q3275360	1884	1884	NA	NA	NA	viaf:unavailable	fr	52128	NA	NA	medium	low	T3
ELTeC-fra-ext1	FRA40052	FRA40052	NA	Bel-Ami	NA	NA	U	viaf:29537765	1885	1885	2004	source	NA	NA	fra	110862	NA	NA	long	unspecified	T3
ELTeC-fra-ext1	FRA40656	FRA40656	NA		NA	NA	U	viaf:66497284	1885	1885	2007	1907	NA	NA	fra	107389	NA	NA	long	unspecified	T3
ELTeC-fra-ext1	FRA40024	FRA40024	NA	Tartarin sur les Alpes	NA	NA	U	viaf:4928621	1885	1885	2005	source	NA	NA	fra	48965	NA	NA	short	unspecified	T3
ELTeC-fra-ext1	FRA41008	FRA41008	NA	La voilette bleue	NA	NA	U	viaf:19720225	1885	1885	2010	NA	NA	NA	fra	98624	NA	NA	medium	unspecified	T3
ELTeC-fra-ext1	FRA40058	FRA40058	NA	Germinal	NA	NA	U	viaf:32004502	1885	1885	2012	source	NA	NA	fra	169656	NA	NA	long	unspecified	T3
ELTeC-fra-ext1	FRA40059	FRA40059	NA	Nana	NA	NA	U	viaf:32004502	1885	1885	2010	source	NA	NA	fra	147474	NA	NA	long	unspecified	T3
ELTeC-fra-ext1	FRA40172	FRA40172	NA	Mathias Sandorf	NA	NA	U	viaf:author	1885	1885	2008	source	NA	NA	fra	164270	NA	NA	long	unspecified	T3
ELTeC-fra-ext1	FRA40106	FRA40106	NA	La Bande rouge	NA	NA	U	viaf:19720225	1886	1886	2012	source	NA	NA	fra	227858	NA	NA	long	unspecified	T3
ELTeC-fra-ext1	FRA40084	FRA40084	NA	Un billet de loterie (Le numéro 9672)	NA	NA	U	viaf:76323989	1886	1886	2005	source	NA	NA	fra	50230	NA	NA	medium	unspecified	T3
ELTeC-fra-ext1	FRA41184	FRA41184	NA	Rubis sur l'ongle	NA	NA	U	viaf:19720225	1886	1886	2014	NA	NA	NA	fra	98790	NA	NA	medium	unspecified	T3
ELTeC-fra-ext1	FRA40423	FRA40423	NA		NA	NA	U	viaf:2503579	1886	1886	NA	2001	NA	NA	fra	50141	NA	NA	medium	unspecified	T3
ELTeC-fra-ext1	FRA40419	FRA40419	NA		NA	NA	U	viaf:49228546	1886	1886	NA	NA	NA	NA	fra	91448	NA	NA	medium	unspecified	T3
ELTeC-fra-ext1	FRA40060	FRA40060	NA	L'oeuvre	NA	NA	U	viaf:32004502	1886	1886	2004	source	NA	NA	fra	136445	NA	NA	long	unspecified	T3
ELTeC-fra-ext1	FRA40402	FRA40402	NA		NA	NA	U	viaf:89440078	1886	1886	NA	1900	NA	NA	fra	54868	NA	NA	medium	unspecified	T3
ELTeC-fra-ext1	FRA40721	FRA40721	NA	L'Eve Future	NA	NA	U	viaf:88998504	1886	1886	2008	1886	NA	NA	fra	83977	NA	NA	medium	unspecified	T3
ELTeC-fra-ext1	FRA40408	FRA40408	NA		NA	NA	U	viaf:49228546	1886	1886	NA	NA	NA	NA	fra	99766	NA	NA	medium	unspecified	T3
ELTeC-fra-ext1	FRA40045	FRA40045	NA	Madame Chrysanthème	NA	NA	U	viaf:89440078	1887	1887	2003	source	NA	NA	fra	47590	NA	NA	short	unspecified	T3
ELTeC-fra-ext1	FRA40105	FRA40105	NA	La terre	NA	NA	U	viaf:author	1887	1887	2003	source	NA	NA	fra	170420	NA	NA	long	unspecified	T3
ELTeC-fra-ext1	FRA40411	FRA40411	NA		NA	NA	U	viaf:49228546	1887	1887	NA	NA	NA	NA	fra	87880	NA	NA	medium	unspecified	T3
ELTeC-fra-ext1	FRA40146	FRA40146	NA	Le Calvaire	NA	NA	U	viaf:100204602	1887	1887	2007	source	NA	NA	fra	76757	NA	NA	medium	unspecified	T3
ELTeC-fra-ext1	FRA40054	FRA40054	NA	Mont-Oriol	NA	NA	U	viaf:29537765	1887	1887	NA	source	NA	NA	fra	82578	NA	NA	medium	unspecified	T3
ELTeC-fra-ext1	FRA40103	FRA40103	NA	Le rêve	NA	NA	U	viaf:32004502	1888	1888	2003	source	NA	NA	fra	68128	NA	NA	medium	unspecified	T3
ELTeC-fra-ext1	FRA40415	FRA40415	NA		NA	NA	U	viaf:49228546	1888	1888	NA	NA	NA	NA	fra	96683	NA	NA	medium	unspecified	T3
ELTeC-fra-ext1	FRA40369	FRA40369	NA		NA	NA	U	viaf:31987653	1888	1888	NA	1888	NA	NA	fra	42714	NA	NA	short	unspecified	T3
ELTeC-fra-ext1	FRA41009	FRA41009	NA	L'oeil-de-chat, tome 2	NA	NA	U	viaf:19720225	1888	1888	2011	NA	NA	NA	fra	79901	NA	NA	medium	unspecified	T3
ELTeC-fra-ext1	FRA40055	FRA40055	NA	Pierre et Jean	NA	NA	U	viaf:29537765	1888	1888	NA	source	NA	NA	fra	49297	NA	NA	short	unspecified	T3
ELTeC-fra-ext1	FRA40148	FRA40148	NA	L'abbé Jules	NA	NA	U	viaf:100204602	1888	1888	2007	source	NA	NA	fra	75730	NA	NA	medium	unspecified	T3
ELTeC-fra-ext1	FRA02801_Mirbeau	FRA02801	Mirbeau, Octave	L'abbé Jules	1848	1917	M	viaf:100204602	1888	1888	2007	NA	Ebooks libres et gratuits	viaf:310534644	fr	78137	NA	homodiegetic	medium	high	T3
ELTeC-fra-ext1	FRA40149	FRA40149	NA	Deux ans de vacances	NA	NA	U	viaf:76323989	1888	1888	2008	NA	NA	NA	fra	121080	NA	NA	long	unspecified	T3
ELTeC-fra-ext1	FRA40475	FRA40475	NA		NA	NA	U	viaf:79158042	1888	1888	NA	NA	NA	NA	fra	45376	NA	NA	short	unspecified	T3
ELTeC-fra-ext1	FRA41002	FRA41002	NA	L'oeil-de-chat	NA	NA	U	viaf:19720225	1888	1888	2011	NA	NA	NA	fra	159240	NA	NA	long	unspecified	T3
ELTeC-fra-ext1	FRA40167	FRA40167	NA		NA	NA	U	viaf:76323989	1889	1889	2004	source	NA	NA	fra	104941	NA	NA	long	unspecified	T3
ELTeC-fra-ext1	FRA40344	FRA40344	NA		NA	NA	U	viaf:37053113	1889	1889	NA	NA	NA	NA	fra	23255	NA	NA	short	unspecified	T3
ELTeC-fra-ext1	FRA41199	FRA41199	NA	La Main froide	NA	NA	U	viaf:19720225	1889	1889	2006	NA	NA	NA	fra	97540	NA	NA	medium	unspecified	T3
ELTeC-fra-ext1	FRA41003	FRA41003	NA	Double-blanc	NA	NA	U	viaf:19720225	1889	1889	NA	NA	NA	NA	fra	118075	NA	NA	long	unspecified	T3
ELTeC-fra-ext1	FRA40108	FRA40108	NA	La Main froide	NA	NA	U	viaf:19720225	1889	1889	2006	source	NA	NA	fra	97540	NA	NA	medium	unspecified	T3
ELTeC-fra-ext1	FRA00603_Boisgobey	FRA00603	Boisgobey, Fortuné du	Double-blanc	1821	1891	M	viaf:19720225	1889	1889	NA	NA	NA	viaf:unavailable	fra	125052	NA	NA	long	low	T3
ELTeC-fra-ext1	FRA02703_Maupassant	FRA02703	Maupassant, Guy de	Fort comme la mort	1850	1893	M	viaf:29537765	1889	1889	NA	source	NA	viaf:191941628	fra	75586	NA	NA	medium	high	T3
ELTeC-fra-ext1	FRA40424	FRA40424	NA		NA	NA	U	NA	1889	1889	NA	NA	NA	NA	fra	233213	NA	NA	long	unspecified	T3
ELTeC-fra-ext1	FRA40053	FRA40053	NA	Fort comme la mort	NA	NA	U	viaf:29537765	1889	1889	NA	source	NA	NA	fra	73577	NA	NA	medium	unspecified	T3
ELTeC-fra-ext1	FRA41006	FRA41006	NA	Le crime de l'opéra,	NA	NA	U	viaf:19720225	1889	1889	2010	NA	NA	NA	fra	242933	NA	NA	long	unspecified	T3
ELTeC-fra-ext1	FRA40147	FRA40147	NA	Sébastien Roch	NA	NA	U	viaf:100204602	1890	1890	2007	source	NA	NA	fra	92784	NA	NA	medium	unspecified	T3
ELTeC-fra-ext1	FRA40719	FRA40719	NA		NA	NA	U	viaf:59052457	1890	1890	2007	NA	NA	NA	fra	71623	NA	NA	medium	unspecified	T3
ELTeC-fra-ext1	FRA40050	FRA40050	NA	Le roman d'un enfant	NA	NA	U	viaf:89440078	1890	1890	2003	source	NA	NA	fra	51159	NA	NA	medium	unspecified	T3
ELTeC-fra-ext1	FRA40343	FRA40343	NA		NA	NA	U	viaf:37053113	1890	1890	NA	NA	NA	NA	fra	46649	NA	NA	short	unspecified	T3
ELTeC-fra-ext1	FRA01103_Dombre	FRA01103	Dombre, Roger	La Nounou	1859	1914	F	viaf:37053113	1890	1890	NA	NA	NA	oclc:457907781 viaf:unavailable	fra	40970	NA	NA	short	low	T3
ELTeC-fra-ext1	FRA40647	FRA40647	NA		NA	NA	U	viaf:4925052	1890	1890	NA	NA	NA	NA	fra	50876	NA	NA	medium	unspecified	T3
ELTeC-fra-ext1	FRA00902_Daudet	FRA00902	Daudet, Alphonse	Port-Tarascon : Dernières aventures de l'illustre Tartarin	1840	1897	M	viaf:4928621	1890	1890	2005	source	NA	viaf:179981155	fra	46932	NA	NA	short	low	T3
ELTeC-fra-ext1	FRA40021	FRA40021	NA	Port-Tarascon	NA	NA	U	viaf:4928621	1890	1890	2005	source	NA	NA	fra	46244	NA	NA	short	unspecified	T3
ELTeC-fra-ext1	FRA40657	FRA40657	NA		NA	NA	U	viaf:66497284	1890	1890	2004	NA	NA	NA	fra	49653	NA	NA	short	unspecified	T3
ELTeC-fra-ext1	FRA40057	FRA40057	NA	La bête humaine	NA	NA	U	viaf:32004502	1890	1890	2003	source	NA	NA	fra	129913	NA	NA	long	unspecified	T3
ELTeC-fra-ext1	FRA40404	FRA40404	NA		NA	NA	U	viaf:89440078	1890	1890	NA	1890	NA	NA	fra	49855	NA	NA	short	unspecified	T3
ELTeC-fra-ext1	FRA40345	FRA40345	NA		NA	NA	U	viaf:37053113	1890	1890	NA	NA	NA	NA	fra	38180	NA	NA	short	unspecified	T3
ELTeC-fra-ext1	FRA40418	FRA40418	NA		NA	NA	U	viaf:49228546	1891	1891	NA	NA	NA	NA	fra	84089	NA	NA	medium	unspecified	T3
ELTeC-fra-ext1	FRA40102	FRA40102	NA	L'argent	NA	NA	U	viaf:32004502	1891	1891	2003	source	NA	NA	fra	147821	NA	NA	long	unspecified	T3
ELTeC-fra-ext1	FRA40658	FRA40658	NA	Les Batailles de la Vie, tome 1: Marchand de Poison	NA	NA	U	viaf:66497284	1892	1892	2009	1903	NA	NA	fra	46866	NA	NA	short	unspecified	T3
ELTeC-fra-ext1	FRA40718	FRA40718	NA		NA	NA	U	viaf:76322185	1892	1892	2005	NA	NA	NA	fra	20283	NA	NA	short	unspecified	T3
ELTeC-fra-ext1	FRA40094	FRA40094	NA	La débâcle	NA	NA	U	viaf:author	1892	1892	2003	source	NA	NA	fra	192466	NA	NA	long	unspecified	T3
ELTeC-fra-ext1	FRA40091	FRA40091	NA	Le château des Carpathes	NA	NA	U	viaf:76323989	1892	1892	2003	source	NA	NA	fra	52589	NA	NA	medium	unspecified	T3
ELTeC-fra-ext1	FRA40483	FRA40483	NA		NA	NA	U	viaf:79158042	1892	1892	NA	NA	NA	NA	fra	51075	NA	NA	medium	unspecified	T3
ELTeC-fra-ext1	FRA40405	FRA40405	NA		NA	NA	U	viaf:89440078	1893	1893	NA	NA	NA	NA	fra	36521	NA	NA	short	unspecified	T3
ELTeC-fra-ext1	FRA40414	FRA40414	NA		NA	NA	U	viaf:49228546	1893	1893	NA	NA	NA	NA	fra	97825	NA	NA	medium	unspecified	T3
ELTeC-fra-ext1	FRA40093	FRA40093	NA	Le docteur Pascal	NA	NA	U	viaf:32004502	1893	1893	2003	source	NA	NA	fra	115916	NA	NA	long	unspecified	T3
ELTeC-fra-ext1	FRA40720	FRA40720	NA		NA	NA	U	viaf:59052457	1897	1897	NA	NA	NA	NA	fra	132421	NA	NA	long	unspecified	T3
ELTeC-fra-ext1	FRA40049	FRA40049	NA	Ramuntcho	NA	NA	U	viaf:89440078	1897	1897	2003	source	NA	NA	fra	55741	NA	NA	medium	unspecified	T3
ELTeC-fra-ext1	FRA40015	FRA40015	NA	Le sphinx des glaces	NA	NA	U	viaf:76323989	1897	1897	NA	2001	NA	NA	fra	119998	NA	NA	long	unspecified	T3
ELTeC-fra-ext1	FRA40717	FRA40717	NA		NA	NA	U	viaf:76322185	1897	1897	NA	NA	NA	NA	fra	67374	NA	NA	medium	unspecified	T3
ELTeC-fra-ext1	FRA40646	FRA40646	NA		NA	NA	U	viaf:4925052	1897	1897	NA	NA	NA	NA	fra	48927	NA	NA	short	unspecified	T3
ELTeC-fra-ext1	FRA02502_Loti	FRA02502	Loti, Pierre	Ramuntcho	1850	1923	M	viaf:89440078	1897	1897	2003	NA	Ebooks libres et gratuits	viaf:185706732	fr	57949	NA	heterodiegetic	medium	high	T3
ELTeC-fra-ext1	FRA40421	FRA40421	NA		NA	NA	U	viaf:2503579	1898	1898	NA	NA	NA	NA	fra	70274	NA	NA	medium	unspecified	T3
ELTeC-fra-ext1	FRA40175	FRA40175	NA	Le Secret de Wilhelm Storitz	NA	NA	U	viaf:76323989	1898	1898	2005	source	NA	NA	fra	53008	NA	NA	medium	unspecified	T3
ELTeC-fra-ext1	FRA40044	FRA40044	NA	Figures et choses qui passaient	NA	NA	U	viaf:89440078	1898	1898	2003	source	NA	NA	fra	43154	NA	NA	short	unspecified	T3
ELTeC-fra-ext1	FRA40422	FRA40422	NA		NA	NA	U	viaf:2503579	1898	1898	NA	NA	NA	NA	fra	75331	NA	NA	medium	unspecified	T3
ELTeC-fra-ext1	FRA02803_Mirbeau	FRA02803	Mirbeau, Octave	Le Jardin des supplices	1848	1917	M	viaf:100204602	1899	1899	2004	source	NA	viaf:293386073	fra	64881	NA	NA	medium	high	T3
ELTeC-fra-ext1	FRA40323	FRA40323	NA		NA	NA	U	viaf:89053456	1899	1899	NA	NA	NA	NA	fra	30658	NA	NA	short	unspecified	T3
ELTeC-fra-ext1	FRA40144	FRA40144	NA	Le Jardin des supplices	NA	NA	U	viaf:100204602	1899	1899	2004	source	NA	NA	fra	63104	NA	NA	medium	unspecified	T3
ELTeC-fra-ext1	FRA40176	FRA40176	NA	Le Testament d'un excentrique	NA	NA	U	viaf:76323989	1899	1899	2007	source	NA	NA	fra	132703	NA	NA	long	unspecified	T3
ELTeC-fra-ext1	FRA02402_LeRouge	FRA02402	Le Rouge, Gustave	La Conspiration des Milliardaires	1867	1938	M	viaf:7392910	1900	1900	NA	NA	NA	viaf:unavailable	fr	76673	NA	NA	medium	low	T4
ELTeC-fra-ext1	FRA04201_Rolland	FRA04201	Rolland, Romain	L'aube	1866	1944	M	viaf:71397100	1904	1904	2006	source	NA	viaf:312469768	fr	41108	NA	NA	short	low	T4
ELTeC-fra-ext1	FRA40728	FRA40728	NA	Le cahier rouge	NA	NA	U	viaf:45095766	1907	1907	2013	1907	NA	NA	fra	23313	NA	NA	short	unspecified	T4
ELTeC-fra-ext1	FRA04203_Rolland	FRA04203	Rolland, Romain	La foire sur la place	1866	1944	M	viaf:71397100	1908	1908	2006	source	NA	viaf:312469772	fra	69465	NA	NA	medium	low	T4
ELTeC-fra-ext1	FRA02403_LeRouge	FRA02403	Le Rouge, Gustave	La Guerre des vampires	1867	1938	M	viaf:7392910	1909	1909	NA	NA	NA	viaf:8889151656380608400006	fra	73470	NA	NA	medium	high	T4
ELTeC-fra-ext1	FRA05601_Lesueur	FRA05601	Lesueur, Daniel	Droit à la force	1854	1921	F	viaf:39520913	1909	1909	NA	1909	Project Gutenberg	NA	fr	67461	NA	heterodiegetic	medium	low	T4
ELTeC-fra-ext1	FRA01001_DelarueMardrus	FRA01001	Delarue-Mardrus, Lucie	Comme tout le monde	1874	1945	F	viaf:34455354	1910	1910	2016	NA	Wikisource	NA	fr	62356	NA	heterodiegetic	medium	low	T4
